form	lemma	POS	morph
༄༅། །		PUNCT
འཆད་	འཆད་	VERB
རྩོད་	རྩོད་	VERB
རྩོམ་	རྩོམ་	VERB
གསུམ་	གསུམ་	NUM
གྱི་	གི་	PART
རྣམ་གཞག་	རྣམ་གཞག་	NOUN
ལེགས་བཤད་	ལེགས་བཤད་	NOUN
ཉིན་བྱེད་	ཉིན་བྱེད་	NOUN
སྣང་བ་	སྣང་བ་	VERB
ལ་	ལ་	ADP
ས་	གིས་	PART
།		PUNCT
རྩོམ་པ་	རྩོམ་པ་	VERB
འི་	གི་	PART
རྣམ་གཞག་	རྣམ་གཞག་	NOUN
ལ་	ལ་	PART
གསུམ་	གསུམ་	NUM
སྟེ་	སྟེ་	PART
།		PUNCT
རྩོམ་པ་པོ་	རྩོམ་པ་པོ་	NOUN
འི་	གི་	PART
ཡོན་ཏན་	ཡོན་ཏན་	NOUN
དང་	དང་	NO_POS
།		PUNCT
བརྩམ་	བརྩམ་	VERB
བྱ་	བྱ་	VERB
བསྟན་བཅོས་	བསྟན་བཅོས་	NOUN
ཀྱི་	གི་	PART
དབྱེ་བ་	དབྱེ་བ་	VERB
དང་	དང་	NO_POS
།		PUNCT
བསྟན་བཅོས་	བསྟན་བཅོས་	NOUN
ཇི་ལྟ་		
རྩོམ་པ་	རྩོམ་པ་	VERB
འི་	གི་	PART
ཚུལ་	ཚུལ་	NOUN
ལོ་	གོ་	PART
"།
།"		PUNCT
དང་པོ་	དང་པོ་	ADJ
ལ་	ལ་	PART
།		PUNCT
བསྟན་བཅོས་	བསྟན་བཅོས་	NOUN
རྩོམ་པ་པོ་	རྩོམ་པ་པོ་	NOUN
ཡོན་ཏན་	ཡོན་ཏན་	NOUN
གང་	གང་	NO_POS
དང་	དང་	NO_POS
ལྡན་	ལྡན་	VERB
དགོས་	དགོས་	VERB
ཤེ་ན་	ཅེ་ན་	PART
།		PUNCT
དེ་ཡང་	དེ་ཡང་	ADV
སྒྲ་	སྒྲ་	NOUN
ཤེ་	ཤེ་	VERB
ན་	ལ་	PART
དོན་	དོན་	NOUN
ལ་	ལ་	PART
མི་	མི་	PART
རྨོངས་	རྨོངས་	VERB
།		PUNCT
མངོན་བརྗོད་	མངོན་བརྗོད་	NOUN
ཤེ་	ཤེ་	VERB
ན་	ལ་	PART
མིང་	མིང་	NOUN
ལ་	ལ་	PART
མི་	མི་	PART
རྨོངས་	རྨོངས་	VERB
།		PUNCT
སྙན་ངག་	སྙན་ངག་	NOUN
ཤེ་	ཤེ་	VERB
ན་	ལ་	PART
ཚིག་	ཚིག་	NOUN
གི་	གི་	PART
རྒྱན་	རྒྱན་	NOUN
ལ་	ལ་	PART
མི་	མི་	PART
རྨོངས་	རྨོངས་	VERB
།		PUNCT
སྡེབ་སྦྱོར་	སྡེབ་སྦྱོར་	NOUN
ཤེ་	ཤེ་	VERB
ན་	ལ་	PART
ཚིགས་བཅད་	ཚིགས་བཅད་	NOUN
ལ་	ལ་	PART
མི་	མི་	PART
རྨོངས་	རྨོངས་	VERB
།		PUNCT
ཟློས་གར་	ཟློས་གར་	NOUN
ཤེ་	ཤེ་	VERB
ན་	ལ་	PART
སྐད་རིགས་	སྐད་རིགས་	NOUN
ལ་	ལ་	PART
མི་	མི་	PART
རྨོངས་	རྨོངས་	VERB
ཞེ་	ཅེས་	PART
གྲགས་པ་	གྲགས་པ་	VERB
ལྟ་	ལྟ་	OTHER
།		PUNCT
སྒྲ་	སྒྲ་	NOUN
དང་	དང་	NO_POS
སྡེབ་སྦྱོར་	སྡེབ་སྦྱོར་	NOUN
གཉིས་	གཉིས་	NUM
རྒྱ་སྐད་	རྒྱ་སྐད་	OTHER
ཀྱི་	གི་	PART
བསྟན་བཅོས་	བསྟན་བཅོས་	NOUN
རྩོམ་པ་	རྩོམ་པ་	VERB
ལ་ཉེ་	ལ་ཉེ་	NO_POS
བ་	བ་	NOUN
མཁོ་	མཁོ་	NO_POS
ཞིང་	ཅིང་	PART
།		PUNCT
སྙན་ངག་	སྙན་ངག་	NOUN
དང་	དང་	NO_POS
མངོན་བརྗོད་	མངོན་བརྗོད་	NOUN
གཉིས་	གཉིས་	NUM
བོད་སྐད་	བོད་སྐད་	PROPN
ཀྱི་	གི་	PART
བསྟན་བཅོས་	བསྟན་བཅོས་	NOUN
རྩོམ་པ་	རྩོམ་པ་	VERB
ལ་	ལ་	PART
མེད་	མེད་	VERB
དུ་	ལ་	PART
མི་	མི་	PART
རུང་བ་	རུང་བ་	VERB
མིན་	མིན་	AUX
ཡང་	ཀྱང་	PART
བྱུང་	བྱུང་	VERB
ན་	ལ་	PART
ཕུན་སུམ་	ཕུན་སུམ་	OTHER
ཚོགས་པ་	ཚོགས་པ་	VERB
འི་	གི་	PART
ཡན་ལག་	ཡན་ལག་	NOUN
ཡིན་	ཡིན་	NO_POS
ལ་	ལ་	PART
།		PUNCT
རྒྱ་བོད་	རྒྱ་བོད་	PROPN
ཧོར་	ཧོར་	PROPN
སོགས་	སོགས་	DET
གང་	གང་	NO_POS
དུ་	ལ་	PART
གང་	གང་	NO_POS
གི་	གི་	PART
སྐད་	སྐད་	NOUN
དུ་	ལ་	PART
བསྟན་བཅོས་	བསྟན་བཅོས་	NOUN
གང་	གང་	NO_POS
རྩོམ་པ་	རྩོམ་པ་	VERB
ལ་	ལ་	PART
དེ་	སྟེ་	PART
དང་	དང་	NO_POS
དེ་	དེ་	DET
འི་	གི་	PART
སྐད་རིགས་	སྐད་རིགས་	NOUN
དང་	དང་	NO_POS
ཡིག་རིགས་	ཡིག་རིགས་	OTHER
མཐ་	མཐའ་	NOUN
ར་	ལ་	PART
ཕྱིན་པ་	ཕྱིན་པ་	VERB
ར་	ལ་	PART
ཤེས་པ་	ཤེས་པ་	VERB
མེད་	མེད་	VERB
དུ་	ལ་	PART
མི་	མི་	PART
རུང་བ་	རུང་བ་	VERB
དང་	དང་	NO_POS
།		PUNCT
ཁྱད་པར་	ཁྱད་པར་	NOUN
བོད་སྐད་	བོད་སྐད་	PROPN
ལ་	ལ་	PART
བརྡ་	བརྡ་	NOUN
གསར་རྙིང་	གསར་རྙིང་	OTHER
དང་	དང་	NO_POS
རྟགས་	རྟགས་	NOUN
ཀྱི་	གི་	PART
འཇུག་པ་	འཇུག་པ་	VERB
འི་	གི་	PART
རྣམ་གཞག་	རྣམ་གཞག་	NOUN
དང་	དང་	NO_POS
སྒྱུག་	སྒྱུག་	NO_POS
ཐོགས་པ་	ཐོགས་པ་	VERB
འི་	གི་	PART
ལ་	ལ་	ADP
ས་	གིས་	PART
ལ་	ལ་	ADP
འང་	ཀྱང་	PART
ཅུང་ཟད་	ཅུང་ཟད་	ADV
བློ་ཁ་	བློ་ཁ་	NOUN
ཕྱོགས་པ་	ཕྱོགས་པ་	VERB
འི་	གི་	PART
ཡོན་ཏན་	ཡོན་ཏན་	NOUN
དང་	དང་	NO_POS
ལྡན་པ་	ལྡན་པ་	VERB
གཞིར་བཅས་	གཞིར་བཅས་	NO_POS
ཀྱི་	གི་	PART
སྟེང་	སྟེང་	NOUN
དུ་	ལ་	PART
གང་	གང་	NO_POS
བརྩམ་	བརྩམ་	VERB
རྒྱུ་	རྒྱུ་	NOUN
འི་	གི་	PART
ཆོ་	ཆོ་	NOUN
ཀྱི་	གི་	PART
ཚིག་དོན་	ཚིག་དོན་	NOUN
ལ་	ལ་	PART
མཁས་པ་	མཁས་པ་	VERB
དང་	དང་	NO_POS
།		PUNCT
ལྷ་	ལྷ་	NOUN
འི་	གི་	PART
གནང་བ་	གནང་བ་	NO_POS
ཐོབ་པ་	ཐོབ་པ་	VERB
དང་	དང་	NO_POS
།		PUNCT
བླ་མ་	བླ་མ་	NOUN
བརྒྱུད་པ་	བརྒྱུད་པ་	VERB
འི་	གི་	PART
མན་ངག་	མན་ངག་	NOUN
དང་	དང་	NO_POS
ལྡན་པ་	ལྡན་པ་	VERB
གང་རུང་	གང་རུང་	NOUN
ངམ་	གམ་	PART
།		PUNCT
ཡང་ན་	ཡང་ན་	NO_POS
།		PUNCT
རིན་ཆེན་	རིན་ཆེན་	OTHER
གསུམ་	གསུམ་	NUM
གྱི་	གི་	PART
གཏམ་	གཏམ་	NOUN
གྱི་	གི་	PART
སྦྱོར་བ་	སྦྱོར་བ་	VERB
ལ་	ལ་	ADP
ས་	གིས་	PART
།		PUNCT
རིགས་ལམ་	རིགས་ལམ་	OTHER
ཕྲ་མོ་	ཕྲ་མོ་	ADJ
འབྱེད་པ་	འབྱེད་པ་	VERB
འི་	གི་	PART
རྣམ་དཔྱོད་	རྣམ་དཔྱོད་	NOUN
ཆོདང་		NON_WORD
"།
།"		PUNCT
གཞུང་ལུགས་	གཞུང་ལུགས་	NOUN
གདམས་པ་	གདམས་པ་	VERB
ར་	ལ་	PART
ཤར་བ་	ཤར་བ་	VERB
འི་	གི་	PART
ཉམས་ལེན་	ཉམས་ལེན་	NOUN
དང་	དང་	NO_POS
། །		PUNCT
ཚིག་སྦྱོར་	ཚིག་སྦྱོར་	OTHER
ཚུལ་	ཚུལ་	NOUN
ལ་	ལ་	PART
མཁས་པ་	མཁས་པ་	VERB
འི་	གི་	PART
ངག་	ངག་	NOUN
གི་	གི་	PART
དཔལ་	དཔལ་	OTHER
"།
།"		PUNCT
ས་སྟེང་	ས་སྟེང་	NOUN
འདི་	འདི་	DET
ན་	ལ་	PART
རིན་ཆེན་	རིན་ཆེན་	OTHER
རྣམ་	རྣམ་	NOUN
གསུམ་	གསུམ་	NUM
སྣང་	སྣང་	VERB
། །		PUNCT
ཞེས་་	ཞེས་པ་	PART
ལྟ་	ལྟ་	OTHER
གྱི་	གི་	PART
ཡོན་ཏན་	ཡོན་ཏན་	NOUN
གསུམ་པོ་	གསུམ་པོ་	NUM
གང་རུང་	གང་རུང་	NOUN
གིས་	གིས་	PART
རུང་	རུང་	SCONJ
ཙམ་	ཙམ་	DET
ཡིན་ཡང་	ཡིན་ཡང་	NO_POS
ཀུན་སློང་	ཀུན་སློང་	NO_POS
མ་	མ་	PART
དག་	དག་	DET
ན་	ལ་	PART
གཞན་ཕན་	གཞན་ཕན་	OTHER
ཆུང་བ་	ཆུང་བ་	VERB
ས་	གིས་	PART
བསམ་པ་	བསམ་པ་	VERB
བཟང་བ་	བཟང་བ་	VERB
གལ་ཆེ་	གལ་ཆེ་	OTHER
སྟེ་	སྟེ་	PART
།		PUNCT
རྣམ་པ་	རྣམ་པ་	NOUN
ར་	ལ་	PART
གཏན་	གཏན་	NOUN
ལ་	ལ་	PART
དབབ་པ་	དབབ་པ་	VERB
བསྡུ་བ་	བསྡུ་བ་	VERB
ལ་	ལ་	ADP
ས་	གིས་	PART
།		PUNCT
བསྟན་བཅོས་	བསྟན་བཅོས་	NOUN
རྩོམ་པ་	རྩོམ་པ་	VERB
འི་	གི་	PART
རྒྱུ་	རྒྱུ་	NOUN
འི་	གི་	PART
ཀུན་སློང་	ཀུན་སློང་	NO_POS
དྲུག་	དྲུག་	NUM
དང་	དང་	NO_POS
།		PUNCT
རྩོམ་པ་པོ་	རྩོམ་པ་པོ་	NOUN
ཡོན་ཏན་	ཡོན་ཏན་	NOUN
བཞི་	བཞི་	NUM
ལྡན་	ལྡན་	VERB
དགོས་པ་	དགོས་པ་	VERB
ར་	ལ་	PART
བཤད་པ་	བཤད་པ་	VERB
བཞིན་	བཞིན་	NOUN
དུ་	ལ་	PART
ཆོ་	ཆོ་	NOUN
ཀྱི་	གི་	PART
དོན་	དོན་	NOUN
ཀུན་	ཀུན་	DET
ཏུ་	ལ་	PART
རྒྱས་པ་	རྒྱས་པ་	VERB
ར་	ལ་	PART
འགྱུར་	འགྱུར་	VERB
ཏེ་	སྟེ་	PART
སྙམ་པ་	སྙམ་པ་	VERB
དང་	དང་	NO_POS
།		PUNCT
སེམས་ཅན་	སེམས་ཅན་	NOUN
རྣམས་	རྣམས་	DET
ཁམས་	ཁམས་	NOUN
དང་	དང་	NO_POS
མོས་པ་	མོས་པ་	VERB
སྣ་ཚོགས་པ་	སྣ་ཚོགས་པ་	DET
འི་	གི་	PART
ཕྱི་	ཕྱི་	OTHER
ཁ་ཅིག་	ཁ་ཅིག་	PRON
གི་	གི་	PART
དོན་	དོན་	NOUN
དུ་	ལ་	PART
འགྱུར་	འགྱུར་	VERB
རོ་	རོ་	NOUN
སྙམ་པ་	སྙམ་པ་	VERB
དང་	དང་	NO_POS
།		PUNCT
དོན་	དོན་	NOUN
རྣམ་པ་	རྣམ་པ་	NOUN
ར་	ལ་	PART
དབྱེ་བ་	དབྱེ་བ་	VERB
ར་	ལ་	PART
བྱ་བ་	བྱ་བ་	VERB
འི་	གི་	PART
ཕྱི་	ཕྱི་	OTHER
རོ་	རོ་	NOUN
སྙམ་པ་	སྙམ་པ་	VERB
དང་	དང་	NO_POS
།		PUNCT
དོན་	དོན་	NOUN
འཐོར་བ་	འཐོར་བ་	VERB
རྣམས་	རྣམས་	DET
བསྡུ་བ་	བསྡུ་བ་	VERB
ར་	ལ་	PART
བྱ་བ་	བྱ་བ་	VERB
འི་	གི་	PART
ཕྱི་	ཕྱི་	OTHER
རོ་	རོ་	NOUN
སྙམ་པ་	སྙམ་པ་	VERB
དང་	དང་	NO_POS
།		PUNCT
དོན་	དོན་	NOUN
ཟབ་མོ་	ཟབ་མོ་	ADJ
རྣམས་	རྣམས་	DET
གསལ་བ་	གསལ་བ་	VERB
ར་	ལ་	PART
བྱ་བ་	བྱ་བ་	VERB
འི་	གི་	PART
ཕྱི་	ཕྱི་	OTHER
རོ་	རོ་	NOUN
སྙམ་པ་	སྙམ་པ་	VERB
དང་	དང་	NO_POS
།		PUNCT
ཚིག་འབྲུ་	ཚིག་འབྲུ་	NOUN
མཛེས་པ་	མཛེས་པ་	VERB
ས་	གིས་	PART
མཛེས་པ་	མཛེས་པ་	VERB
བསྐྱེད་པ་	བསྐྱེད་པ་	VERB
ར་	ལ་	PART
བྱ་	བྱ་	VERB
འོ་	གོ་	PART
སྙམ་པ་	སྙམ་པ་	VERB
འམ་	གམ་	PART
།		PUNCT
བདག་	བདག་	PRON
དང་	དང་	NO_POS
འདྲ་བ་	འདྲ་བ་	VERB
འམ་	གམ་	PART
བདག་	བདག་	PRON
ལ་	ལ་	ADP
ས་	གིས་	PART
ཡོན་ཏན་	ཡོན་ཏན་	NOUN
ཆུང་བ་	ཆུང་བ་	VERB
དག་	དག་	DET
གིས་	གིས་	PART
ཀྱང་	ཀྱང་	PART
བསྟན་བཅོས་	བསྟན་བཅོས་	NOUN
བརྩམ་	བརྩམ་	VERB
རུང་	རུང་	SCONJ
ན་	ལ་	PART
བདག་	བདག་	PRON
གིས་	གིས་	PART
ཅིའི་ཕྱིར་	ཅིའི་ཕྱིར་	NO_POS
རྩོམ་	རྩོམ་	VERB
མི་	མི་	PART
ནུས་	ནུས་	VERB
སྙམ་པ་	སྙམ་པ་	VERB
ལྟ་བུ་	ལྟ་བུ་	NOUN
ང་རྒྱལ་	ང་རྒྱལ་	NOUN
མེད་པ་	མེད་པ་	VERB
དང་	དང་	NO_POS
།		PUNCT
སེམས་ཅན་	སེམས་ཅན་	NOUN
རྣམས་	རྣམས་	DET
ཀྱིས་	གིས་	PART
དོན་	དོན་	NOUN
གང་	གང་	NO_POS
ལ་	ལ་	PART
རྨོངས་པ་	རྨོངས་པ་	VERB
དེ་	སྟེ་	PART
བསལ་བ་	བསལ་བ་	VERB
ར་	ལ་	PART
འདོད་པ་	འདོད་པ་	VERB
འི་	གི་	PART
སྙིང་རྗེ་	སྙིང་རྗེ་	NOUN
དང་སེམས་	དང་སེམས་	NO_POS
ཅན་	ཅན་	PART
རྣམས་	རྣམས་	DET
ཀྱི་	གི་	PART
དོན་	དོན་	NOUN
བདེ་བླག་	བདེ་བླག་	ADJ
ཏུ་	ལ་	PART
ཤེས་པ་	ཤེས་པ་	VERB
ར་	ལ་	PART
འདོད་པ་	འདོད་པ་	VERB
འི་	གི་	PART
བྱམས་པ་	བྱམས་པ་	PROPN
དང་	དང་	NO_POS
།		PUNCT
བདག་	བདག་	PRON
ལ་	ལ་	PART
གཞན་དག་	གཞན་དག་	NO_POS
གིས་	གིས་	PART
མཁས་པ་	མཁས་པ་	VERB
ཡིན་པ་	ཡིན་པ་	AUX
ར་	ལ་	PART
ཡིད་ཆེས་	ཡིད་ཆེས་	NOUN
ན་	ལ་	PART
ཅི་མ་རུང་	ཅི་མ་རུང་	NO_POS
སྙམ་	སྙམ་	VERB
དུ་	ལ་	PART
བདག་ཉིད་	བདག་ཉིད་	NOUN
མི་	མི་	PART
སྒྲོག་པ་	སྒྲོག་པ་	VERB
སྟེ་	སྟེ་	PART
བཞི་པོ་	བཞི་པོ་	NUM
དེ་དག་	དེ་དག་	OTHER
གལ་ཆེ་བ་	གལ་ཆེ་བ་	OTHER
འི་	གི་	PART
ཕྱི་	ཕྱི་	OTHER
།		PUNCT
མདོར་ན་	མདོར་ན་	NO_POS
ང་རྒྱལ་	ང་རྒྱལ་	NOUN
མེད་པ་	མེད་པ་	VERB
དང་	དང་	NO_POS
།		PUNCT
གཞན་	གཞན་	DET
གྱི་	གི་	PART
སྡུག་བསྔལ་	སྡུག་བསྔལ་	NOUN
བསལ་བ་	བསལ་བ་	VERB
ར་	ལ་	PART
འདོད་པ་	འདོད་པ་	VERB
འི་	གི་	PART
སྙིང་རྗེ་	སྙིང་རྗེ་	NOUN
དང་	དང་	NO_POS
།		PUNCT
གཞན་	གཞན་	DET
ལ་	ལ་	PART
ཕན་	ཕན་	NOUN
འདོད་	འདོད་	VERB
ཀྱི་	གི་	PART
བྱམས་པ་	བྱམས་པ་	PROPN
དང་	དང་	NO_POS
།		PUNCT
རང་གཞན་	རང་གཞན་	NOUN
གྱི་	གི་	PART
དགེ་རྩ་	དགེ་རྩ་	OTHER
བསྐྱེད་པ་	བསྐྱེད་པ་	VERB
ར་	ལ་	PART
བྱ་བ་	བྱ་བ་	VERB
འི་	གི་	PART
ཕྱིར་དུ་	ཕྱིར་དུ་	NO_POS
བསྟན་བཅོས་	བསྟན་བཅོས་	NOUN
བརྩམ་	བརྩམ་	VERB
མོ་	གོ་	PART
།		PUNCT
གཉིས་པ་	གཉིས་པ་	NUM
ལ་	ལ་	PART
།		PUNCT
བརྩམ་པ་	བརྩམ་པ་	VERB
འི་	གི་	PART
བསྟན་བཅོས་	བསྟན་བཅོས་	NOUN
ཀྱི་	གི་	PART
དབྱེ་བ་	དབྱེ་བ་	VERB
།		PUNCT
བྱེད་ལས་	བྱེད་ལས་	NOUN
ཀྱི་	གི་	PART
སྒོ་	སྒོ་	NOUN
ན་	ནས་	PART
རྒྱ་	རྒྱ་	NOUN
ཆེན་	ཆེན་	NO_POS
སྡུད་པ་	སྡུད་པ་	VERB
མདོ་སྡེ་	མདོ་སྡེ་	NOUN
རྒྱན་	རྒྱན་	NOUN
དང་	དང་	NO_POS
།		PUNCT
ཟབ་མོ་	ཟབ་མོ་	ADJ
འབྱེད་པ་	འབྱེད་པ་	VERB
མངོན་རྟོགས་	མངོན་རྟོགས་	NOUN
རྒྱན་	རྒྱན་	NOUN
དང་	དང་	NO_POS
།		PUNCT
འཁྲུགས་པ་	འཁྲུགས་པ་	VERB
བསྡེབས་པ་	བསྡེབས་པ་	VERB
བསླབ་	བསླབ་	VERB
བཏུས་	བཏུས་	NO_POS
ལྟ་བུ་	ལྟ་བུ་	NOUN
གསུམ་	གསུམ་	NUM
དང་	དང་	NO_POS
།		PUNCT
བརྗོད་བྱ་	བརྗོད་བྱ་	NOUN
འི་	གི་	PART
སྒོ་	སྒོ་	NOUN
ན་	ནས་	PART
བདེན་པ་	བདེན་པ་	VERB
གཉིས་	གཉིས་	NUM
སྟོན་པ་	སྟོན་པ་	NOUN
གཉིས་	གཉིས་	NUM
དང་	དང་	NO_POS
།		PUNCT
བཤད་	བཤད་	VERB
བྱ་	བྱ་	VERB
འི་	གི་	PART
སྒོ་	སྒོ་	NOUN
ན་	ནས་	PART
བཀའ་	བཀའ་	NOUN
སྤྱི་	སྤྱི་	DET
འི་	གི་	PART
དགོངས་འགྲེལ་	དགོངས་འགྲེལ་	NOUN
དང་	དང་	NO_POS
།		PUNCT
སོ་སོ་	སོ་སོ་	PRON
འི་	གི་	PART
དགོངས་འགྲེལ་	དགོངས་འགྲེལ་	NOUN
གཉིས་	གཉིས་	NUM
།		PUNCT
དང་པོ་	དང་པོ་	ADJ
ལ་	ལ་	PART
ཐུན་མོང་	ཐུན་མོང་	ADJ
མ་ཡིན་པ་	མ་ཡིན་པ་	OTHER
དང་	དང་	NO_POS
།		PUNCT
ཐུན་མོང་བ་	ཐུན་མོང་བ་	ADJ
གཉིས་	གཉིས་	NUM
།		PUNCT
འདི་	འདི་	DET
ལ་	ལ་	PART
ཡང་	ཀྱང་	PART
ལོག་རྟོག་	ལོག་རྟོག་	OTHER
ཚར་གཅོད་པ་	ཚར་གཅོད་པ་	NOUN
དང་	དང་	NO_POS
།		PUNCT
གཞན་	གཞན་	DET
རྗེས་སུ་	རྗེས་སུ་	OTHER
འཛིན་པ་	འཛིན་པ་	VERB
གཉིས་	གཉིས་	NUM
།		PUNCT
དང་པོ་	དང་པོ་	ADJ
ལ་	ལ་	PART
།		PUNCT
རྗོད་	རྗོད་	VERB
བྱེད་	བྱེད་	VERB
གཏན་	གཏན་	NOUN
ལ་	ལ་	PART
དབབ་པ་	དབབ་པ་	VERB
དང་	དང་	NO_POS
།		PUNCT
བརྗོད་བྱ་	བརྗོད་བྱ་	NOUN
གཏན་	གཏན་	NOUN
ལ་	ལ་	PART
དབབ་པ་	དབབ་པ་	VERB
གཉིས་	གཉིས་	NUM
།		PUNCT
དང་པོ་	དང་པོ་	ADJ
ནི་	ནི་	NO_POS
།		PUNCT
གཙོ་བོ་	གཙོ་བོ་	ADJ
སྒྲ་	སྒྲ་	NOUN
འི་	གི་	PART
བསྟན་བཅོས་	བསྟན་བཅོས་	NOUN
ཏེ་	སྟེ་	PART
།		PUNCT
རང་བཞིན་	རང་བཞིན་	NOUN
རྐྱེན་	རྐྱེན་	NOUN
རྣམ་འགྱུར་	རྣམ་འགྱུར་	NOUN
གསུམ་	གསུམ་	NUM
བརྗོད་བྱ་	བརྗོད་བྱ་	NOUN
ར་	ལ་	PART
བྱ་	བྱ་	VERB
ན་	ནས་	PART
སྟོན་པ་	སྟོན་པ་	NOUN
འི་	གི་	PART
གཞུང་	གཞུང་	NOUN
ཀ་ལཱ་པ་	ཀ་ལཱ་པ་	PROPN
དང་	དང་	NO_POS
།		PUNCT
ཙནྡྲ་པ་	ཙནྡྲ་པ་	NON_WORD
སོགས་	སོགས་	DET
དང་	དང་	NO_POS
།		PUNCT
དེ་	དེ་	DET
འི་	གི་	PART
ཡན་ལག་	ཡན་ལག་	NOUN
ལྕི་	ལྕི་	VERB
ཡང་	ཀྱང་	PART
དང་	དང་	NO_POS
པྲཏྲ་		NON_WORD
འགོད་	འགོད་	NO_POS
ཚུལ་	ཚུལ་	NOUN
སྟོན་པ་	སྟོན་པ་	NOUN
སྡེབ་སྦྱོར་	སྡེབ་སྦྱོར་	NOUN
གྱི་	གི་	PART
བསྟན་བཅོས་	བསྟན་བཅོས་	NOUN
རིན་ཆེན་	རིན་ཆེན་	OTHER
འབྱུང་གནས་	འབྱུང་གནས་	NOUN
དང་	དང་	NO_POS
།		PUNCT
མིང་	མིང་	NOUN
གི་	གི་	PART
རྣམ་	རྣམ་	NOUN
གྲངས་	གྲངས་	NOUN
དང་	དང་	NO_POS
།		PUNCT
རྟགས་	རྟགས་	NOUN
གསུམ་	གསུམ་	NUM
གྱི་	གི་	PART
དབྱེ་བ་	དབྱེ་བ་	VERB
དང་	དང་	NO_POS
།		PUNCT
སྒྲ་	སྒྲ་	NOUN
གཅིག་	གཅིག་	NUM
དོན་	དོན་	NOUN
མང་པོ་	མང་པོ་	ADJ
ལ་	ལ་	PART
འཇུག་	འཇུག་	VERB
ཚུལ་	ཚུལ་	NOUN
སྟོན་པ་	སྟོན་པ་	NOUN
མངོན་བརྗོད་	མངོན་བརྗོད་	NOUN
ཀྱི་	གི་	PART
བསྟན་བཅོས་	བསྟན་བཅོས་	NOUN
འཆི་མེད་	འཆི་མེད་	NOUN
མཛོད་	མཛོད་	NOUN
དང་	དང་	NO_POS
།		PUNCT
སློབ་དཔོན་	སློབ་དཔོན་	NOUN
ཤར་པ་	ཤར་པ་	OTHER
དང་	དང་	NO_POS
།		PUNCT
ལྷོ་པ་	ལྷོ་པ་	NOUN
འི་	གི་	PART
ལམ་	གམ་	PART
གྱི་	གི་	PART
འདོད་ཚུལ་	འདོད་ཚུལ་	VERB
མི་	མི་	PART
འདྲ་བ་	འདྲ་བ་	VERB
ཚིག་དོན་	ཚིག་དོན་	NOUN
གཉིས་ཀ་	གཉིས་ཀ་	OTHER
འི་	གི་	PART
རྒྱན་	རྒྱན་	NOUN
དང་	དང་	NO_POS
།		PUNCT
དོན་	དོན་	NOUN
གྱི་	གི་	PART
རྒྱན་	རྒྱན་	NOUN
སོ་	གོ་	PART
ལྔ་	ལྔ་	NUM
དང་	དང་	NO_POS
།		PUNCT
བྱ་	བྱ་	VERB
དཀའ་བ་	དཀའ་བ་	VERB
དང་	དང་	NO_POS
།		PUNCT
གབ་ཚིག་	གབ་ཚིག་	NOUN
སོགས་	སོགས་	DET
ཚིག་	ཚིག་	NOUN
གི་	གི་	PART
རྒྱན་	རྒྱན་	NOUN
ཏེ་	སྟེ་	PART
རྒྱན་	རྒྱན་	NOUN
གསུམ་	གསུམ་	NUM
གཏན་	གཏན་	NOUN
ལ་	ལ་	PART
དབབ་	དབབ་	NO_POS
ན་	ནས་	PART
སྟོན་པ་	སྟོན་པ་	NOUN
སྙན་ངག་	སྙན་ངག་	NOUN
གི་	གི་	PART
བསྟན་བཅོས་	བསྟན་བཅོས་	NOUN
མེ་ལོང་	མེ་ལོང་	NOUN
དང་	དང་	NO_POS
།		PUNCT
དེ་དག་	དེ་དག་	OTHER
སྐད་རིགས་	སྐད་རིགས་	NOUN
དང་	དང་	NO_POS
སྦྱར་	སྦྱར་	VERB
ན་	ནས་	PART
སྟོན་པ་	སྟོན་པ་	NOUN
ཟློས་གར་	ཟློས་གར་	NOUN
གྱི་	གི་	PART
བསྟན་བཅོས་	བསྟན་བཅོས་	NOUN
ཀླུ་	ཀླུ་	NOUN
ཀུན་	ཀུན་	DET
ཏུ་	ལ་	PART
དགའ་བ་	དགའ་བ་	VERB
དང་	དང་	NO_POS
།		PUNCT
འཇིག་རྟེན་	འཇིག་རྟེན་	NOUN
ཀུན་	ཀུན་	DET
ཏུ་	ལ་	PART
དགའ་བ་	དགའ་བ་	VERB
སོགས་	སོགས་	DET
སོ་	གོ་	PART
།		PUNCT
བརྗོད་བྱ་	བརྗོད་བྱ་	NOUN
གཏན་	གཏན་	NOUN
ལ་	ལ་	PART
དབབ་པ་	དབབ་པ་	VERB
ལ་	ལ་	PART
ནི་	ནི་	NO_POS
གཏན་ཚིགས་	གཏན་ཚིགས་	NOUN
རིགས་པ་	རིགས་པ་	VERB
འི་	གི་	PART
བསྟན་བཅོས་	བསྟན་བཅོས་	NOUN
ཚད་མ་	ཚད་མ་	NOUN
མདོ་	མདོ་	NOUN
སོགས་	སོགས་	DET
སོ་	གོ་	PART
།		PUNCT
གཞན་	གཞན་	DET
རྗེས་སུ་	རྗེས་སུ་	OTHER
འཛིན་པ་	འཛིན་པ་	VERB
འི་	གི་	PART
བསྟན་བཅོས་	བསྟན་བཅོས་	NOUN
ལ་	ལ་	PART
བཟོ་	བཟོ་	NO_POS
དང་	དང་	NO_POS
གསོ་བ་	གསོ་བ་	VERB
རིག་པ་	རིག་པ་	VERB
འི་	གི་	PART
བསྟན་བཅོས་	བསྟན་བཅོས་	NOUN
གཉིས་	གཉིས་	NUM
།		PUNCT
དང་པོ་	དང་པོ་	ADJ
ལ་	ལ་	PART
།		PUNCT
གསེར་འགྱུར་	གསེར་འགྱུར་	NOUN
དང་	དང་	NO_POS
སྤོ་	སྤོ་	NOUN
སྦྱོར་	སྦྱོར་	VERB
སོགས་	སོགས་	DET
སྟོན་པ་	སྟོན་པ་	NOUN
ལྟ་བུ་	ལྟ་བུ་	NOUN
ཕལ་པ་	ཕལ་པ་	NOUN
དང་	དང་	NO_POS
།		PUNCT
སྐུ་གསུང་ཐུགས་	སྐུ་གསུང་ཐུགས་	NOUN
རྟེན་	རྟེན་	NOUN
གྱི་	གི་	PART
ཆ་	ཆ་	NOUN
ཚད་	ཚད་	NOUN
སྟོན་པ་	སྟོན་པ་	NOUN
ལྟ་བུ་	ལྟ་བུ་	NOUN
ཁྱད་པར་ཅན་	ཁྱད་པར་ཅན་	ADJ
གཉིས་	གཉིས་	NUM
སོ་	གོ་	PART
"།
།"		PUNCT
གསོ་བ་	གསོ་བ་	VERB
རིག་པ་	རིག་པ་	VERB
འི་	གི་	PART
བསྟན་བཅོས་	བསྟན་བཅོས་	NOUN
ནི་	ནི་	NO_POS
།		PUNCT
ནད་	ནད་	NOUN
ཀྱི་	གི་	PART
ངོ་བོ་	ངོ་བོ་	NOUN
དང་	དང་	NO_POS
།		PUNCT
ནད་གཞི་	ནད་གཞི་	OTHER
དང་	དང་	NO_POS
།		PUNCT
ནད་	ནད་	NOUN
ཀྱི་	གི་	PART
གཉེན་པོ་	གཉེན་པོ་	NOUN
སྨན་	སྨན་	NOUN
དང་	དང་	NO_POS
།		PUNCT
དེ་	དེ་	DET
ས་	གིས་	PART
གསོ་བ་	གསོ་བ་	VERB
འི་	གི་	PART
སྤྱོད་ལམ་	སྤྱོད་ལམ་	NOUN
བཞི་	བཞི་	NUM
འམ་	གམ་	PART
།		PUNCT
ལུས་	ལུས་	NOUN
དང་	དང་	NO_POS
བྱིས་པ་	བྱིས་པ་	NOUN
གདོན་	གདོན་	NOUN
ལུས་སྟོད་	ལུས་སྟོད་	OTHER
། །		PUNCT
མཚོན་	མཚོན་	NOUN
དང་	དང་	NO_POS
མཆེ་བ་	མཆེ་བ་	NOUN
རྒས་	རྒས་	NO_POS
རོ་ཙ་	རོ་ཙ་	OTHER
"།
།"		PUNCT
ཞེས་་	ཞེས་པ་	PART
ལྟ་	ལྟ་	OTHER
གྱི་	གི་	PART
སྨན་གཞུང་	སྨན་གཞུང་	OTHER
ཡན་ལག་	ཡན་ལག་	NOUN
བརྒྱད་པ་	བརྒྱད་པ་	NUM
ལྟ་བུ་	ལྟ་བུ་	NOUN
འོ་	གོ་	PART
། །		PUNCT
འཇིག་རྟེན་	འཇིག་རྟེན་	NOUN
ལུགས་	ལུགས་	NOUN
ཀྱི་	གི་	PART
བསྟན་བཅོས་	བསྟན་བཅོས་	NOUN
དག་	དག་	DET
ཀྱང་	ཀྱང་	PART
འདོར་བ་	འདོར་བ་	VERB
ར་	ལ་	PART
བྱ་བ་	བྱ་བ་	VERB
མ་	མ་	PART
ཡིན་	ཡིན་	NO_POS
ཏེ་	སྟེ་	PART
།		PUNCT
ཤེས་རབ་	ཤེས་རབ་	NOUN
བརྒྱ་པ་	བརྒྱ་པ་	NUM
ལ་	ལ་	ADP
ས་	གིས་	PART
།		PUNCT
མི་	མི་	PART
ཡི་	གི་	PART
ཆོས་ལུགས་	ཆོས་ལུགས་	NOUN
ལེགས་སྤྱད་	ལེགས་སྤྱད་	NO_POS
ན་	ལ་	PART
། །		PUNCT
ལྷ་ཡུལ་	ལྷ་ཡུལ་	NOUN
བགྲོད་པ་	བགྲོད་པ་	VERB
ཐག་	ཐག་	VERB
མི་	མི་	PART
རིང་	རིང་	NOUN
"།
།"		PUNCT
ལྷ་	ལྷ་	NOUN
དང་	དང་	NO_POS
མི་	མི་	PART
ཡི་	གི་	PART
ཐེམ་སྐས་	ཐེམ་སྐས་	NOUN
ལ་	ལ་	PART
། །		PUNCT
འཛེགས་	འཛེགས་	VERB
ན་	ལ་	PART
ཐར་པ་	ཐར་པ་	VERB
གམ་	གམ་	PART
ན་	ལ་	PART
འདུག་	འདུག་	VERB
།		PUNCT
ཅེས་པ་	ཅེས་པ་	PART
ལྟ་	ལྟ་	OTHER
ཉམས་	ཉམས་	NOUN
སུ་	ལ་	PART
ལེན་	ལེན་	VERB
ཤེ་	ཤེ་	VERB
ན་	ལ་	PART
ཐར་པ་	ཐར་པ་	VERB
འཐོབ་པ་	འཐོབ་པ་	VERB
འི་	གི་	PART
ཐབས་	ཐབས་	NOUN
སུ་	ལ་	PART
འགྲོ་བ་	འགྲོ་བ་	VERB
འི་	གི་	PART
ཕྱི་	ཕྱི་	OTHER
།		PUNCT
རྒྱལ་བ་	རྒྱལ་བ་	NOUN
འི་	གི་	PART
བཀའ་	བཀའ་	NOUN
ཚད་མ་	ཚད་མ་	NOUN
ར་	ལ་	PART
གྱུར་པ་	གྱུར་པ་	VERB
ལ་	ལ་	PART
རང་	རང་	PRON
གི་	གི་	PART
དགོངས་འགྲེལ་	དགོངས་འགྲེལ་	NOUN
བསྟན་བཅོས་	བསྟན་བཅོས་	NOUN
ཚད་མ་	ཚད་མ་	NOUN
ལ་	ལ་	PART
རག་	རག་	VERB
ལས་པ་	ལས་པ་	VERB
འི་	གི་	PART
ཕྱི་	ཕྱི་	OTHER
རྩ་བ་	རྩ་བ་	NOUN
སྔ་མ་	སྔ་མ་	ADJ
སྔ་མ་	སྔ་མ་	ADJ
འི་	གི་	PART
ཚིག་དོན་	ཚིག་དོན་	NOUN
བརླིང་	བརླིང་	NO_POS
ཞིང་	ཅིང་	PART
རྟོགས་དཀའ་བ་	རྟོགས་དཀའ་བ་	NO_POS
རྣམས་	རྣམས་	DET
ལ་	ལ་	PART
འགྲེལ་པ་	འགྲེལ་པ་	NOUN
མཛད་པ་པོ་	མཛད་པ་པོ་	VERB
ཕྱི་མ་	ཕྱི་མ་	ADJ
ཕྱི་མ་	ཕྱི་མ་	ADJ
ས་	གིས་	PART
ཚིག་འགྲེལ་	ཚིག་འགྲེལ་	NOUN
སྤྱི་དོན་	སྤྱི་དོན་	NOUN
མཐའ་དཔྱོད་	མཐའ་དཔྱོད་	OTHER
རེག་ཟིག་	རེག་ཟིག་	OTHER
སོགས་	སོགས་	DET
རང་བཟོ་	རང་བཟོ་	NO_POS
འི་	གི་	PART
བསླད་	བསླད་	NO_POS
མ་	མ་	PART
ཞུགས་པ་	ཞུགས་པ་	VERB
ར་	ལ་	PART
རང་རང་	རང་རང་	NO_POS
གི་	གི་	PART
བློ་	བློ་	NOUN
ངོ་	ངོ་	PART
ར་	ལ་	PART
ཁུངས་	ཁུངས་	NOUN
དང་	དང་	NO_POS
འབྲེལ་བ་	འབྲེལ་བ་	VERB
འི་	གི་	PART
དཔང་པོ་	དཔང་པོ་	NOUN
དང་	དང་	NO_POS
གཏུགས་	གཏུགས་	VERB
ན་	ནས་	PART
མཛད་པ་	མཛད་པ་	VERB
ཤ་སྟག་	ཤ་སྟག་	DET
ཡིན་	ཡིན་	NO_POS
ནོ་	གོ་	PART
"།
།"		PUNCT
གསུམ་པ་	གསུམ་པ་	NUM
ལ་	ལ་	PART
།		PUNCT
བསྟན་བཅོས་	བསྟན་བཅོས་	NOUN
ཇི་ལྟ་		
རྩོམ་པ་	རྩོམ་པ་	VERB
འི་	གི་	PART
ཚུལ་	ཚུལ་	NOUN
གསུམ་	གསུམ་	NUM
།		PUNCT
བསྟན་བཅོས་	བསྟན་བཅོས་	NOUN
རྩོམ་པ་	རྩོམ་པ་	VERB
འི་	གི་	PART
སྔོན་འགྲོ་	སྔོན་འགྲོ་	NOUN
དང་	དང་	NO_POS
།		PUNCT
རྩོམ་	རྩོམ་	VERB
ཚུལ་	ཚུལ་	NOUN
དངོ་	དངོ་	NOUN
དང་	དང་	NO_POS
།		PUNCT
བརྩམས་པ་	བརྩམས་པ་	VERB
འི་	གི་	PART
ཕན་ཡོན་	ཕན་ཡོན་	NOUN
ནོ་	གོ་	PART
། །		PUNCT
དང་པོ་	དང་པོ་	ADJ
ནི་	ནི་	NO_POS
སྙན་ངག་	སྙན་ངག་	NOUN
མེ་ལོང་	མེ་ལོང་	NOUN
ལ་	ལ་	ADP
ས་	གིས་	PART
།		PUNCT
ཤིས་བརྗོད་	ཤིས་བརྗོད་	OTHER
ཕྱག་	ཕྱག་	NOUN
བྱ་	བྱ་	VERB
ངོ་བོ་	ངོ་བོ་	NOUN
ནི་	ནི་	NO_POS
། །		PUNCT
ངེས་པ་		
བསྟན་པ་	བསྟན་པ་	VERB
འང་	ཀྱང་	PART
དེ་	སྟེ་	PART
ཡི་	གི་	PART
སྒོ་	སྒོ་	NOUN
"།
།"		PUNCT
ཞེ་	ཅེས་	PART
བསྟན་བཅོས་	བསྟན་བཅོས་	NOUN
རྩོམ་པ་	རྩོམ་པ་	VERB
འི་	གི་	PART
ཐོག་མ་	ཐོག་མ་	NOUN
ར་	ལ་	PART
ཤིས་བརྗོད་	ཤིས་བརྗོད་	OTHER
ཀྱི་	གི་	PART
ཚིག་	ཚིག་	NOUN
གིས་	གིས་	PART
སྔུན་བསུ་	སྔུན་བསུ་	NO_POS
ས་	གིས་	PART
ཏེ་	སྟེ་	PART
ཕྱག་	ཕྱག་	NOUN
བྱ་བ་	བྱ་བ་	VERB
དང་	དང་	NO_POS
ངོ་བོ་	ངོ་བོ་	NOUN
ངེས་པ་		
བསྟན་པ་	བསྟན་པ་	VERB
སྟེ་	སྟེ་	PART
ལུས་	ལུས་	NOUN
མདོ་	མདོ་	NOUN
ར་	ལ་	PART
བསྟན་	བསྟན་	VERB
སོགས་	སོགས་	DET
ཀྱིས་	གིས་	PART
གཞུང་	གཞུང་	NOUN
རྩོམ་པ་	རྩོམ་པ་	VERB
ར་	ལ་	PART
བཤད་	བཤད་	VERB
ལ་	ལ་	PART
།		PUNCT
ཚུལ་	ཚུལ་	NOUN
འདི་	འདི་	DET
ནི་	ནི་	NO_POS
ཕྱི་	ཕྱི་	NOUN
ནང་	ནང་	NOUN
གཉིས་	གཉིས་	NUM
ཐུན་མོང་	ཐུན་མོང་	ADJ
དུ་	ལ་	PART
འདོད་	འདོད་	VERB
དོ་	གོ་	PART
"།
།"		PUNCT
དེ་	དེ་	DET
འི་	གི་	PART
སྟེང་	སྟེང་	NOUN
དུ་	ལ་	PART
མཐའ་མ་	མཐའ་མ་	NOUN
ར་	ལ་	PART
དགེ་བ་	དགེ་བ་	VERB
བསྔོ་བ་	བསྔོ་བ་	VERB
ནི་	ནི་	NO_POS
།		PUNCT
ནང་པ་	ནང་པ་	NOUN
སངས་རྒྱས་པ་	སངས་རྒྱས་པ་	NOUN
འི་	གི་	PART
ཁྱད་ཆོས་	ཁྱད་ཆོས་	NOUN
ཡིན་	ཡིན་	NO_POS
ཏེ་	སྟེ་	PART
།		PUNCT
ཁྱད་པར་	ཁྱད་པར་	NOUN
འཕགས་	འཕགས་	VERB
བསྟོད་	བསྟོད་	VERB
ལ་	ལ་	ADP
ས་	གིས་	PART
།		PUNCT
བསོད་ནམས་	བསོད་ནམས་	NOUN
བྱས་པ་	བྱས་པ་	VERB
འི་	གི་	PART
ཚོགས་	ཚོགས་	NOUN
དག་	དག་	DET
ནི་	ནི་	NO_POS
། །		PUNCT
སེམས་ཅན་	སེམས་ཅན་	NOUN
རྣམས་	རྣམས་	DET
ལ་	ལ་	PART
ཡོངས་བསྔོ་བ་	ཡོངས་བསྔོ་བ་	NO_POS
"།
།"		PUNCT
བཅོམ་ལྡན་	བཅོམ་ལྡན་	NOUN
ཁྱོད་	ཁྱོད་	PRON
ཀྱིས་	གིས་	PART
གང་	གང་	NO_POS
གསུངས་པ་	གསུངས་པ་	VERB
། །		PUNCT
དེ་	སྟེ་	PART
གཞན་	གཞན་	DET
བསྟན་བཅོས་	བསྟན་བཅོས་	NOUN
ལས་མ་	ལས་མ་	NO_POS
བཤད་	བཤད་	VERB
། །		PUNCT
ཅེས་	ཅེས་	PART
གསུངས་པ་	གསུངས་པ་	VERB
ལྟ་	ལྟ་	OTHER
རོ་	རོ་	NOUN
། །		PUNCT
དེ་	སྟེ་	PART
ལ་	ལ་	PART
ཤིས་བརྗོད་	ཤིས་བརྗོད་	OTHER
ཀྱི་	གི་	PART
དགོས་པ་	དགོས་པ་	VERB
ནི་	ནི་	NO_POS
རང་	རང་	PRON
ལ་	ལ་	PART
དངོས་གྲུབ་	དངོས་གྲུབ་	NOUN
འབྱུང་བ་	འབྱུང་བ་	VERB
འི་	གི་	PART
ཆེད་	ཆེད་	NOUN
དང་	དང་	NO_POS
།		PUNCT
ཕྱག་	ཕྱག་	NOUN
བྱ་བ་	བྱ་བ་	VERB
འི་	གི་	PART
དགོས་པ་	དགོས་པ་	VERB
ནི་	ནི་	NO_POS
བར་ཆད་	བར་ཆད་	NOUN
མི་	མི་	PART
འབྱུང་བ་	འབྱུང་བ་	VERB
འི་	གི་	PART
ཆེད་	ཆེད་	NOUN
དུའོ་		NON_WORD
"།
།"		PUNCT
ཕྱག་	ཕྱག་	NOUN
བྱ་བ་	བྱ་བ་	VERB
འི་	གི་	PART
ཡུལ་	ཡུལ་	NOUN
ནི་	ནི་	NO_POS
གཉིས་	གཉིས་	NUM
ཏེ་	སྟེ་	PART
།		PUNCT
ཆོ་	ཆོ་	NOUN
ལ་	ལ་	PART
ཡིད་ཆེས་པ་	ཡིད་ཆེས་པ་	NOUN
ལ་	ལ་	PART
བརྟེན་	བརྟེན་	VERB
ན་	ནས་	PART
རྩ་བ་	རྩ་བ་	NOUN
ཆོ་	ཆོ་	NOUN
གསུང་བ་པོ་	གསུང་བ་པོ་	VERB
སྟོན་པ་	སྟོན་པ་	NOUN
དང་	དང་	NO_POS
དོན་	དོན་	NOUN
ལ་	ལ་	PART
ཡིད་ཆེས་པ་	ཡིད་ཆེས་པ་	NOUN
ལ་	ལ་	PART
བརྟེན་	བརྟེན་	VERB
ན་	ནས་	PART
ཆོ་	ཆོ་	NOUN
ཀྱི་	གི་	PART
དོན་	དོན་	NOUN
སྟོན་པ་	སྟོན་པ་	NOUN
འི་	གི་	PART
སློབ་དཔོན་	སློབ་དཔོན་	NOUN
དག་	དག་	DET
ལ་	ལ་	PART
ཕྱག་	ཕྱག་	NOUN
བྱ་བ་	བྱ་བ་	VERB
ར་	ལ་	PART
གཏན་	གཏན་	NOUN
ལ་	ལ་	PART
དབབ་པ་	དབབ་པ་	VERB
བསྡུས་པ་	བསྡུས་པ་	VERB
ལ་	ལ་	ADP
ས་	གིས་	PART
བཤད་པ་	བཤད་པ་	VERB
ལྟ་	ལྟ་	OTHER
དང་པོ་	དང་པོ་	ADJ
ར་	ལ་	PART
ཐུབ་པ་	ཐུབ་པ་	VERB
སངས་རྒྱས་	སངས་རྒྱས་	NOUN
དང་	དང་	NO_POS
།		PUNCT
དེ་	དེ་	DET
འི་	གི་	PART
འོག་	འོག་	NOUN
ཏུ་	ལ་	PART
དངོ་	དངོ་	NOUN
བརྒྱུད་	བརྒྱུད་	NO_POS
ཀྱི་	གི་	PART
བླ་མ་	བླ་མ་	NOUN
རྣམས་	རྣམས་	DET
ལ་	ལ་	PART
མཆོད་བརྗོད་	མཆོད་བརྗོད་	NOUN
མ་	མ་	PART
བྱས་པ་	བྱས་པ་	VERB
ཡང་	ཀྱང་	PART
ཡོད་	ཡོད་	VERB
དེ་	སྟེ་	PART
།		PUNCT
དབུ་མ་	དབུ་མ་	PROPN
འི་	གི་	PART
རྣམ་བཤད་	རྣམ་བཤད་	NOUN
དགོངས་པ་	དགོངས་པ་	VERB
རབ་གསལ་	རབ་གསལ་	PROPN
དུ་	ལ་	PART
བཤེས་སྤྲིངས་	བཤེས་སྤྲིངས་	OTHER
ལ་	ལ་	PART
མཆོད་བརྗོད་	མཆོད་བརྗོད་	NOUN
མེད་	མེད་	VERB
ཅིང་	ཅིང་	PART
བཤད་པ་	བཤད་པ་	VERB
ར་	ལ་	PART
དམ་བཅའ་བ་	དམ་བཅའ་བ་	NOUN
ཡོད་པ་	ཡོད་པ་	VERB
ར་	ལ་	PART
གསུངས་པ་	གསུངས་པ་	VERB
ལྟ་བུ་	ལྟ་བུ་	NOUN
དང་	དང་	NO_POS
།		PUNCT
གཞན་	གཞན་	DET
དེ་	སྟེ་	PART
འདྲ་	འདྲ་	VERB
ཡང་	ཀྱང་	PART
མང་	མང་	VERB
ངོ་	གོ་	PART
། །		PUNCT
དེ་བཞིན་	དེ་བཞིན་	OTHER
དུ་	ལ་	PART
ཕྱག་	ཕྱག་	NOUN
བྱ་བ་	བྱ་བ་	VERB
འི་	གི་	PART
གོ་རིམ་	གོ་རིམ་	NOUN
བཤད་	བཤད་	VERB
མ་	མ་	PART
ཐག་པ་	ཐག་པ་	NOUN
ཡང་	ཀྱང་	PART
ངེས་ཅན་	ངེས་ཅན་	NO_POS
མ་	མ་	PART
ཡིན་	ཡིན་	NO_POS
ཏེ་	སྟེ་	PART
།		PUNCT
ཐོག་མ་	ཐོག་མ་	NOUN
ར་	ལ་	PART
རང་	རང་	PRON
གི་	གི་	PART
ལྷག་པ་	ལྷག་པ་	VERB
འི་	གི་	PART
ལྷ་	ལྷ་	NOUN
ལ་	ལ་	PART
ཕྱག་	ཕྱག་	NOUN
མཛད་པ་	མཛད་པ་	VERB
རྗེ་	རྗེ་	NO_POS
རིན་པོ་ཆེ་	རིན་པོ་ཆེ་	ADJ
འི་	གི་	PART
གསུང་	གསུང་	VERB
ལ་	ལ་	ADP
ས་	གིས་	PART
མང་	མང་	VERB
དུ་	ལ་	PART
བྱུང་བ་	བྱུང་བ་	VERB
བཞིན་	བཞིན་	NOUN
དང་	དང་	NO_POS
།		PUNCT
དེ་	དེ་	DET
ར་	ལ་	PART
མ་ཟད་	མ་ཟད་	NO_POS
ཐམས་ཅད་	ཐམས་ཅད་	DET
ཀྱི་	གི་	PART
དང་པོ་	དང་པོ་	ADJ
ར་	ལ་	PART
གང་	གང་	NO_POS
ལ་	ལ་	ADP
ས་	གིས་	PART
ཆོ་	ཆོ་	NOUN
ཀྱི་	གི་	PART
བཀའ་དྲིན་	བཀའ་དྲིན་	NOUN
ནོད་པ་	ནོད་པ་	VERB
འི་	གི་	PART
བླ་མ་	བླ་མ་	NOUN
ལ་	ལ་	PART
ཕྱག་	ཕྱག་	NOUN
བྱེད་པ་	བྱེད་པ་	VERB
ར་	ལ་	PART
ཡང་	ཀྱང་	PART
རིགས་	རིགས་	NOUN
ཏེ་	སྟེ་	PART
།		PUNCT
ལུང་གཞི་	ལུང་གཞི་	NOUN
ལ་	ལ་	ADP
ས་	གིས་	PART
།		PUNCT
རྒན་པ་	རྒན་པ་	NOUN
དང་	དང་	NO_POS
ནི་	ནི་	NO_POS
གཞོན་	གཞོན་	NOUN
ཡང་	ཀྱང་	PART
རུང་	རུང་	SCONJ
། །		PUNCT
གང་	གང་	NO_POS
ལ་	ལ་	ADP
ས་	གིས་	PART
ཆོ་	ཆོ་	NOUN
ནི་	ནི་	NO_POS
རྣམ་ཤེས་པ་	རྣམ་ཤེས་པ་	NOUN
"།
།"		PUNCT
དེ་	སྟེ་	PART
ལ་	ལ་	PART
ཐོག་མ་	ཐོག་མ་	NOUN
ར་	ལ་	PART
ཕྱག་	ཕྱག་	NOUN
བྱ་	བྱ་	VERB
སྟེ་	སྟེ་	PART
། །		PUNCT
ཟླ་བ་	ཟླ་བ་	NOUN
ཚེ་	ཚེ་	NOUN
ལ་	ལ་	PART
བྲམ་ཟེ་	བྲམ་ཟེ་	NOUN
བཞིན་	བཞིན་	NOUN
། །		PUNCT
ཞེ་	ཅེས་	PART
བྱུང་བ་	བྱུང་བ་	VERB
ལྟ་	ལྟ་	OTHER
འབད་པ་	འབད་པ་	VERB
འི་	གི་	PART
ཕྱི་	ཕྱི་	OTHER
།		PUNCT
འོ་ན་	འོ་ན་	NO_POS
རབ་བྱུང་	རབ་བྱུང་	NOUN
སྐབས་	སྐབས་	NOUN
ཀྱི་	གི་	PART
ལུང་གཞི་	ལུང་གཞི་	NOUN
དང་	དང་	NO_POS
།		PUNCT
ཀརྨ་	ཀརྨ་	NO_POS
ཤ་	ཤ་	NOUN
ཏམ་	གམ་	PART
ལ་	ལ་	ADP
ས་	གིས་	PART
།		PUNCT
དང་པོ་	དང་པོ་	ADJ
ར་	ལ་	PART
།		PUNCT
སྟོན་པ་	སྟོན་པ་	NOUN
ལ་	ལ་	PART
ཕྱག་	ཕྱག་	NOUN
འཚལ་	འཚལ་	VERB
དུ་	ལ་	PART
གཞུག་	གཞུག་	VERB
དེ་	དེ་	DET
འི་	གི་	PART
འོག་	འོག་	NOUN
ཏུ་	ལ་	PART
མཁན་པོ་	མཁན་པོ་	NOUN
ལ་	ལ་	PART
ཕྱག་	ཕྱག་	NOUN
འཚལ་	འཚལ་	VERB
དུ་	ལ་	PART
བཅུག་	བཅུག་	VERB
ཅེས་	ཅེས་	PART
གསུངས་པ་	གསུངས་པ་	VERB
དང་	དང་	NO_POS
འགལ་	འགལ་	VERB
ལོ་	གོ་	PART
ཞེ་ན་	ཅེ་ན་	PART
།		PUNCT
མི་	མི་	PART
འགལ་	འགལ་	VERB
ཏེ་	སྟེ་	PART
།		PUNCT
འདི་	འདི་	DET
ནི་	ནི་	NO_POS
དམིགས་བསལ་	དམིགས་བསལ་	NOUN
ཡིན་པ་	ཡིན་པ་	AUX
ར་	ལ་	PART
མཚོ་སྣ་བ་	མཚོ་སྣ་བ་	NO_POS
ཆེན་པོ་	ཆེན་པོ་	ADJ
ས་	གིས་	PART
གསུངས་པ་	གསུངས་པ་	VERB
འི་	གི་	PART
ཕྱི་	ཕྱི་	OTHER
།		PUNCT
གཞན་	གཞན་	DET
ཡང་	ཀྱང་	PART
ཤེས་རབ་	ཤེས་རབ་	NOUN
སྡོང་བུ་	སྡོང་བུ་	NOUN
ལ་	ལ་	ADP
ས་	གིས་	PART
།		PUNCT
དམ་པ་	དམ་པ་	VERB
མང་པོ་	མང་པོ་	ADJ
ཁ་	ཁ་	PRON
ས་	གིས་	PART
འཆེ་	འཆེ་	NO_POS
མི་	མི་	PART
བྱེད་	བྱེད་	VERB
ལ་	ལ་	PART
"།
།"		PUNCT
གལ་ཏེ་	གལ་ཏེ་	NO_POS
དཀའ་བ་	དཀའ་བ་	VERB
ས་	གིས་	PART
ཁ་	ཁ་	PRON
ས་	གིས་	PART
ནི་	ནི་	NO_POS
བླངས་	བླངས་	VERB
འགྱུར་	འགྱུར་	VERB
ན་	ལ་	PART
། །		PUNCT
རྡོ་	རྡོ་	NOUN
ལ་	ལ་	PART
རི་མོ་	རི་མོ་	NOUN
བྲིས་པ་	བྲིས་པ་	VERB
ལྟ་བུ་	ལྟ་བུ་	NOUN
ར་	ལ་	PART
ནི་	ནི་	NO_POS
། །		PUNCT
ཤི་	ཤི་	VERB
ཡང་	ཀྱང་	PART
གཞན་	གཞན་	DET
དུ་	ལ་	PART
བྱེད་པ་	བྱེད་པ་	VERB
ར་	ལ་	PART
མི་	མི་	PART
འགྱུར་	འགྱུར་	VERB
རོ་	རོ་	NOUN
"།
།"		PUNCT
ཞེ་	ཅེས་	PART
གསུངས་པ་	གསུངས་པ་	VERB
ལྟ་	ལྟ་	OTHER
།		PUNCT
རྩོམ་པ་	རྩོམ་པ་	VERB
ར་	ལ་	PART
དམ་བཅའ་བ་	དམ་བཅའ་བ་	NOUN
འི་	གི་	PART
དགོས་པ་	དགོས་པ་	VERB
ཡོད་	ཡོད་	VERB
དེ་	སྟེ་	PART
།		PUNCT
རྩོམ་པ་	རྩོམ་པ་	VERB
མཐ་	མཐའ་	NOUN
ར་	ལ་	PART
ཕྱིན་པ་	ཕྱིན་པ་	VERB
ར་	ལ་	PART
བྱ་བ་	བྱ་བ་	VERB
འི་	གི་	PART
ཆེད་	ཆེད་	NOUN
ཡིན་པ་	ཡིན་པ་	AUX
འི་	གི་	PART
ཕྱི་	ཕྱི་	OTHER
།		PUNCT
ཁེངས་	ཁེངས་	VERB
བསྐྱུང་བ་	བསྐྱུང་བ་	NO_POS
འི་	གི་	PART
སྒོ་	སྒོ་	NOUN
ན་	ནས་	PART
རྩོམ་པ་	རྩོམ་པ་	VERB
ར་	ལ་	PART
དམ་བཅའ་བ་	དམ་བཅའ་བ་	NOUN
ལ་	ལ་	PART
ཡང་	ཀྱང་	PART
དགོས་པ་	དགོས་པ་	VERB
ཡོད་	ཡོད་	VERB
དེ་	སྟེ་	PART
།		PUNCT
རྩོམ་པ་པོ་	རྩོམ་པ་པོ་	NOUN
རྨད་	རྨད་	VERB
དུ་	ལ་	PART
བྱུང་བ་	བྱུང་བ་	VERB
ར་	ལ་	PART
གོ་བ་	གོ་བ་	VERB
འི་	གི་	PART
ཆེད་	ཆེད་	NOUN
དུའོ་		NON_WORD
"།
།"		PUNCT
སྣོད་	སྣོད་	NOUN
རུང་	རུང་	ADP
མཉན་པ་	མཉན་པ་	VERB
ར་	ལ་	PART
བསྐུལ་བ་	བསྐུལ་བ་	VERB
འི་	གི་	PART
སྲོལ་	སྲོལ་	NOUN
ཀྱང་	ཀྱང་	PART
ཡོད་	ཡོད་	VERB
ལ་	ལ་	PART
དེ་	དེ་	DET
འི་	གི་	PART
དགོངས་པ་	དགོངས་པ་	VERB
ནི་	ནི་	NO_POS
རྩོམ་པ་པོ་	རྩོམ་པ་པོ་	NOUN
ར་	ལ་	PART
བརྩེ་བ་	བརྩེ་བ་	VERB
ས་	གིས་	PART
འདོམས་པ་	འདོམས་པ་	VERB
དང་	དང་	NO_POS
།		PUNCT
བསྟན་བཅོས་	བསྟན་བཅོས་	NOUN
ཀྱིས་	གིས་	PART
དགོས་དོན་	དགོས་དོན་	OTHER
མཐོང་བ་	མཐོང་བ་	VERB
འི་	གི་	PART
ཆེད་	ཆེད་	NOUN
དུའོ་		NON_WORD
། །		PUNCT
གཉིས་པ་	གཉིས་པ་	NUM
རྩོམ་	རྩོམ་	VERB
ཚུལ་	ཚུལ་	NOUN
དངོ་	དངོ་	NOUN
ལ་	ལ་	PART
གཉིས་	གཉིས་	NUM
།		PUNCT
རྩོམ་པ་	རྩོམ་པ་	VERB
ལེགས་པ་	ལེགས་པ་	VERB
འི་	གི་	PART
ཡོན་ཏན་	ཡོན་ཏན་	NOUN
དང་	དང་	NO_POS
།		PUNCT
རྩོམ་པ་	རྩོམ་པ་	VERB
ཉེས་པ་	ཉེས་པ་	VERB
འི་	གི་	PART
སྐྱོན་	སྐྱོན་	NOUN
ནོ་	གོ་	PART
། །		PUNCT
དང་པོ་	དང་པོ་	ADJ
ནི་	ནི་	NO_POS
།		PUNCT
རྩོམ་པ་པོ་	རྩོམ་པ་པོ་	NOUN
གང་	གང་	NO_POS
གིས་	གིས་	PART
གང་	གང་	NO_POS
བརྩམ་	བརྩམ་	VERB
རྒྱུ་	རྒྱུ་	NOUN
འི་	གི་	PART
གཞུང་	གཞུང་	NOUN
གི་	གི་	PART
སྤྱི་ཁོག་	སྤྱི་ཁོག་	OTHER
ཏུ་	ལ་	PART
བཟུང་	བཟུང་	NO_POS
སྟེ་	སྟེ་	PART
།		PUNCT
གཞུང་	གཞུང་	NOUN
གཞན་	གཞན་	DET
གྱི་	གི་	PART
ལུང་	ལུང་	NOUN
གིས་	གིས་	PART
ཟུར་	ཟུར་	NOUN
ན་	ནས་	PART
བརྒྱན་	བརྒྱན་	VERB
ཅིང་	ཅིང་	PART
།		PUNCT
དེ་དག་	དེ་དག་	OTHER
ཕན་ཚུན་	ཕན་ཚུན་	ADV
གུང་བསྒྲིགས་	གུང་བསྒྲིགས་	NO_POS
ན་	ནས་	PART
ལུང་རིགས་	ལུང་རིགས་	NOUN
ཀྱིས་	གིས་	PART
བརྡ་	བརྡའ་	NOUN
ར་	ལ་	PART
ཤ་	ཤ་	NOUN
ལེགས་པ་	ལེགས་པ་	VERB
ར་	ལ་	PART
བཅད་	བཅད་	VERB
དེ་	སྟེ་	PART
འགལ་འདུ་	འགལ་འདུ་	NO_POS
ནོད་	ནོད་	NO_POS
འཁྲུགས་	འཁྲུགས་	NO_POS
ཀྱི་	གི་	PART
དྲི་མ་	དྲི་མ་	NOUN
ས་	གིས་	PART
མ་	མ་	PART
གོས་པ་	གོས་པ་	VERB
ར་	ལ་	PART
བྱ་བ་	བྱ་བ་	VERB
གལ་ཆེ་	གལ་ཆེ་	OTHER
ཞིང་	ཅིང་	PART
།		PUNCT
དེ་ཡང་	དེ་ཡང་	ADV
བརྗོད་བྱ་	བརྗོད་བྱ་	NOUN
འི་	གི་	PART
དོན་	དོན་	NOUN
བརླིང་	བརླིང་	NO_POS
ཡང་	ཀྱང་	PART
རྟོགས་	རྟོགས་	VERB
སླ་བ་	སླ་བ་	VERB
།		PUNCT
རྗོད་	རྗོད་	VERB
བྱེད་ཚིག་	བྱེད་ཚིག་	NO_POS
སྙན་ངག་	སྙན་ངག་	NOUN
གིས་	གིས་	PART
བརྒྱན་པ་	བརྒྱན་པ་	VERB
།		PUNCT
ཚིག་	ཚིག་	NOUN
གི་	གི་	PART
སྦྱོར་བ་	སྦྱོར་བ་	VERB
འབྲེལ་	འབྲེལ་	VERB
ཆགས་	ཆགས་	VERB
ཤིང་	ཅིང་	PART
སྙན་ངག་	སྙན་ངག་	NOUN
གིས་	གིས་	PART
བཅིངས་པ་	བཅིངས་པ་	VERB
འམ་	གམ་	PART
འབེལ་	འབེལ་	NO_POS
རྩོམ་	རྩོམ་	VERB
གྱིས་	གིས་	PART
གོ་	གོ་	PART
བདེ་བ་	བདེ་བ་	VERB
མིང་	མིང་	NOUN
རྣམས་	རྣམས་	DET
ནི་	ནི་	NO_POS
མངོན་བརྗོད་	མངོན་བརྗོད་	NOUN
ཀྱིས་	གིས་	PART
བརྒྱན་པ་	བརྒྱན་པ་	VERB
ས་	གིས་	PART
ངོ་མཚར་བ་	ངོ་མཚར་བ་	ADJ
ཚིག་	ཚིག་	NOUN
གོང་འོག་	གོང་འོག་	OTHER
ཟློས་	ཟློས་	VERB
ཤིང་	ཅིང་	PART
ཕྱི་མ་	ཕྱི་མ་	ADJ
སྔ་མ་	སྔ་མ་	ADJ
འི་	གི་	PART
སྒྲུབ་བྱེད་	སྒྲུབ་བྱེད་	NOUN
དུ་	ལ་	PART
འགྲོ་བ་	འགྲོ་བ་	VERB
།		PUNCT
སྡུད་	སྡུད་	VERB
རྒྱུ་	རྒྱུ་	NOUN
མེད་པ་	མེད་པ་	VERB
འི་	གི་	PART
སོགས་སྒྲ་	སོགས་སྒྲ་	NO_POS
ས་	གིས་	PART
དབྱེན་	དབྱེན་	NOUN
ཞིང་	ཅིང་	PART
བརྗོད་བྱ་	བརྗོད་བྱ་	NOUN
ཟབ་པ་	ཟབ་པ་	VERB
ར་	ལ་	PART
རྩོམ་	རྩོམ་	VERB
ན་	ལ་	PART
ཆེ་	ཆེ་	VERB
ཕུན་སུམ་	ཕུན་སུམ་	OTHER
ཚོགས་པ་	ཚོགས་པ་	VERB
ར་	ལ་	PART
གྱུར་	གྱུར་	VERB
ཅིང་	ཅིང་	PART
མཁས་པ་	མཁས་པ་	VERB
མགུ་བ་	མགུ་བ་	VERB
འི་	གི་	PART
སྐྱེ་	སྐྱེ་	VERB
སུ་	ལ་	PART
འགྱུར་	འགྱུར་	VERB
རོ་	རོ་	NOUN
"།
།"		PUNCT
གཉིས་པ་	གཉིས་པ་	NUM
ནི་	ནི་	NO_POS
།		PUNCT
རང་ལུགས་	རང་ལུགས་	NOUN
དང་	དང་	NO_POS
གཞན་ལུགས་	གཞན་ལུགས་	NO_POS
འབྱེད་	འབྱེད་	VERB
དཀའ་བ་	དཀའ་བ་	VERB
།		PUNCT
འདུལ་བ་	འདུལ་བ་	VERB
འི་	གི་	PART
ལས་ཆོག་	ལས་ཆོག་	OTHER
ཆེན་	ཆེན་	NO_POS
མོ་	གོ་	PART
གསེར་མདོག་	གསེར་མདོག་	OTHER
རྣམ་རྒྱལ་	རྣམ་རྒྱལ་	NOUN
ལྟ་བུ་	ལྟ་བུ་	NOUN
དང་	དང་	NO_POS
།		PUNCT
ས་བཅད་	ས་བཅད་	NOUN
ཧ་ཅང་	ཧ་ཅང་	ADV
མང་	མང་	VERB
དྲགས་པ་	དྲགས་པ་	VERB
ཚད་མ་	ཚད་མ་	NOUN
རིགས་ཐིགས་	རིགས་ཐིགས་	OTHER
དང་	དང་	NO_POS
།		PUNCT
རྣམ་	རྣམ་	NOUN
ངེས་	ངེས་	VERB
ད་	ད་	NOUN
ཊིཀ་		NON_WORD
ལྟ་བུ་	ལྟ་བུ་	NOUN
མ་ཡིན་པ་	མ་ཡིན་པ་	OTHER
དང་	དང་	NO_POS
།		PUNCT
སྤྱི་		
བོད་	བོད་	PROPN
ཀྱི་	གི་	PART
ས་བཅད་	ས་བཅད་	NOUN
ལུགས་	ལུགས་	NOUN
དང་པོ་	དང་པོ་	ADJ
ལ་	ལ་	PART
གཉིས་	གཉིས་	NUM
།		PUNCT
གཉིས་པ་	གཉིས་པ་	NUM
ལ་	ལ་	PART
གསུམ་	གསུམ་	NUM
།		PUNCT
གསུམ་པ་	གསུམ་པ་	NUM
ལ་	ལ་	PART
བཞི་	བཞི་	NUM
ཟེར་བ་	ཟེར་བ་	VERB
ལྟ་བུ་	ལྟ་བུ་	NOUN
སོགས་	སོགས་	DET
ལ་	ལ་	ADP
ས་	གིས་	PART
དང་པོ་བ་	དང་པོ་བ་	ADJ
ལ་	ལ་	PART
ཕན་པ་	ཕན་པ་	VERB
འི་	གི་	PART
རྐྱེན་	རྐྱེན་	NOUN
དུ་	ལ་	PART
མི་འགྱུར་བ་	མི་འགྱུར་བ་	NO_POS
འི་	གི་	PART
མགོ་	མགོ་	NOUN
རྨོངས་པ་	རྨོངས་པ་	VERB
ར་	ལ་	PART
འགྱུར་བ་	འགྱུར་བ་	VERB
འང་	ཀྱང་	PART
སྲིད་པ་	སྲིད་པ་	VERB
ས་	གིས་	PART
དེ་བ་	དེ་བ་	OTHER
ས་	གིས་	PART
རྒྱ་ནག་	རྒྱ་ནག་	PROPN
གི་	གི་	PART
ཡི་གེ་	ཡི་གེ་	NOUN
རྣམས་	རྣམས་	DET
སུ་	ལ་	PART
ས་བཅད་	ས་བཅད་	NOUN
ཅི་ཙམ་	ཅི་ཙམ་	NO_POS
དགོས་པ་	དགོས་པ་	VERB
དེ་དག་	དེ་དག་	OTHER
བསྟན་བཅོས་	བསྟན་བཅོས་	NOUN
ཀྱི་	གི་	PART
མགོ་		
སྡེབས་	སྡེབས་	VERB
གཅིག་	གཅིག་	NUM
ཏུ་	ལ་	PART
བཀྲམ་	བཀྲམ་	VERB
ན་	ནས་	PART
།		PUNCT
བཤད་པ་	བཤད་པ་	VERB
ལ་	ལ་	PART
དངོས་གཞི་	དངོས་གཞི་	NOUN
འི་	གི་	PART
སྐབས་	སྐབས་	NOUN
སུ་	ལ་	PART
དེ་དག་	དེ་དག་	OTHER
གོ་རིམ་	གོ་རིམ་	NOUN
མ་	མ་	PART
འཁྲུགས་པ་	འཁྲུགས་པ་	VERB
ར་	ལ་	PART
བཤད་པ་	བཤད་པ་	VERB
ལྟ་བུ་	ལྟ་བུ་	NOUN
ར་	ལ་	PART
བྱ་	བྱ་	VERB
ན་	ལ་	PART
ཡང་	ཀྱང་	PART
མི་	མི་	PART
རུང་བ་	རུང་བ་	VERB
མེད་	མེད་	VERB
ཅིང་	ཅིང་	PART
།		PUNCT
གཞན་	གཞན་	DET
ཡང་	ཀྱང་	PART
ཚིག་	ཚིག་	NOUN
གི་	གི་	PART
གཅོད་མཚམས་	གཅོད་མཚམས་	NO_POS
ཤད་	ཤད་	NO_POS
ཀྱིས་	གིས་	PART
མ་	མ་	PART
བཅད་པ་	བཅད་པ་	VERB
དང་	དང་	NO_POS
།		PUNCT
ཀུན་	ཀུན་	DET
ལ་མ་	ལ་མ་	NO_POS
གྲགས་པ་	གྲགས་པ་	VERB
འི་	གི་	PART
མངོན་བརྗོད་	མངོན་བརྗོད་	NOUN
དང་	དང་	NO_POS
གབ་ཚིག་	གབ་ཚིག་	NOUN
གི་	གི་	PART
རྒྱན་	རྒྱན་	NOUN
འབའ་ཞིག་	འབའ་ཞིག་	NO_POS
གིས་	གིས་	PART
བཅིངས་པ་	བཅིངས་པ་	VERB
དང་	དང་	NO_POS
།		PUNCT
ཡུལ་དུས་	ཡུལ་དུས་	OTHER
དེ་	སྟེ་	PART
དང་	དང་	NO_POS
དེ་	དེ་	DET
ར་	ལ་	PART
གྲགས་པ་	གྲགས་པ་	VERB
འི་	གི་	PART
ཡུལ་ཕྱོགས་	ཡུལ་ཕྱོགས་	NOUN
དང་	དང་	NO_POS
མི་	མི་	PART
རྣམས་	རྣམས་	DET
ཀྱི་	གི་	PART
མིང་	མིང་	NOUN
བོད་སྐད་	བོད་སྐད་	PROPN
དུ་	ལ་	PART
བསྒྱུར་	བསྒྱུར་	VERB
ན་	ནས་	PART
བྲིས་པ་	བྲིས་པ་	VERB
དང་	དང་	NO_POS
།		PUNCT
རྒྱ་ནག་	རྒྱ་ནག་	PROPN
གི་	གི་	PART
མིང་	མིང་	NOUN
བོད་སྐད་	བོད་སྐད་	PROPN
དུ་	ལ་	PART
བྲིས་པ་	བྲིས་པ་	VERB
སོགས་	སོགས་	DET
སྐྱོན་	སྐྱོན་	NOUN
ཏེ་	སྟེ་	PART
།		PUNCT
དཔེར་ན་	དཔེར་ན་	NO_POS
སྡེ་དགེ་	སྡེ་དགེ་	OTHER
སི་ཏུ་	སི་ཏུ་	PROPN
པཎ་ཆེན་	པཎ་ཆེན་	NOUN
གྱི་	གི་	PART
གསུང་འབུམ་	གསུང་འབུམ་	NOUN
དུ་	ལ་	PART
རྒྱ་ནག་	རྒྱ་ནག་	PROPN
གི་	གི་	PART
སྨན་	སྨན་	NOUN
འགའ་ཞིག་	འགའ་ཞིག་	OTHER
གི་	གི་	PART
མིང་	མིང་	NOUN
བོད་སྐད་	བོད་སྐད་	PROPN
རང་	རང་	PRON
དུ་	ལ་	PART
བྲིས་པ་	བྲིས་པ་	VERB
དེང་སང་	དེང་སང་	ADV
རྒྱ་བོད་	རྒྱ་བོད་	PROPN
སུ་	ལ་	PART
ལ་	ལ་	PART
བསྟན་	བསྟན་	VERB
ཀྱང་	ཀྱང་	PART
མི་	མི་	PART
གོ་བ་	གོ་བ་	VERB
ས་	གིས་	PART
སྨན་	སྨན་	NOUN
བཟང་	བཟང་	VERB
ཡང་	ཀྱང་	PART
གསོས་	གསོས་	VERB
སུ་	ལ་	PART
མི་འགྱུར་བ་	མི་འགྱུར་བ་	NO_POS
ལྟ་བུ་	ལྟ་བུ་	NOUN
དང་	དང་	NO_POS
།		PUNCT
ཡང་	ཀྱང་	PART
བསྟན་བཅོས་	བསྟན་བཅོས་	NOUN
རྩོམ་པ་པོ་	རྩོམ་པ་པོ་	NOUN
ས་	གིས་	PART
མཛད་བྱང་	མཛད་བྱང་	NO_POS
དུ་	ལ་	PART
རང་མིང་	རང་མིང་	NO_POS
གསལ་བ་	གསལ་བ་	VERB
ར་	ལ་	PART
མི་	མི་	PART
སྨོས་པ་	སྨོས་པ་	VERB
འམ་	གམ་	PART
།		PUNCT
རང་མིང་	རང་མིང་	NO_POS
དངོ་	དངོ་	NOUN
སྦ་	སྦ་	PROPN
ས་	གིས་	PART
ན་	ནས་	PART
གཞན་	གཞན་	DET
ལ་མ་	ལ་མ་	NO_POS
གྲགས་པ་	གྲགས་པ་	VERB
འི་	གི་	PART
མིང་	མིང་	NOUN
གཞན་	གཞན་	DET
བཅུག་པ་	བཅུག་པ་	VERB
སོགས་	སོགས་	DET
སྐྱོན་	སྐྱོན་	NOUN
ཆེ་	ཆེ་	VERB
ཤོ་	ཤོ་	VERB
ཡིན་	ཡིན་	NO_POS
ཏེ་	སྟེ་	PART
བྱེད་པ་པོ་	བྱེད་པ་པོ་	NOUN
འི་	གི་	PART
མིང་	མིང་	NOUN
མི་	མི་	PART
གསལ་བ་	གསལ་བ་	VERB
འི་	གི་	PART
དབང་	དབང་	NOUN
གིས་	གིས་	PART
བསྟན་བཅོས་	བསྟན་བཅོས་	NOUN
འགའ་ཞིག་	འགའ་ཞིག་	OTHER
ལེགས་བཤད་	ལེགས་བཤད་	NOUN
དུ་	ལ་	PART
སྣང་	སྣང་	VERB
ཡང་	ཀྱང་	PART
ཐེ་ཚོམ་	ཐེ་ཚོམ་	NOUN
ཅན་	ཅན་	PART
དུ་	ལ་	PART
གྱུར་	གྱུར་	VERB
ན་	ནས་	PART
།		PUNCT
མཁས་པ་	མཁས་པ་	VERB
དག་	དག་	DET
གིས་	གིས་	PART
ཤེས་བྱེད་	ཤེས་བྱེད་	NOUN
དུ་	ལ་	PART
དྲངས་	དྲངས་	NO_POS
མ་ནུ་	མ་ནུ་	NO_POS
ས་པ་	ས་པ་	PART
ཡང་	ཀྱང་	PART
དེ་	དེ་	DET
ས་	གིས་	PART
ལན་	ལན་	NOUN
འདུག་པ་	འདུག་པ་	VERB
ས་	གིས་	PART
སྐྱོན་	སྐྱོན་	NOUN
དེ་དག་	དེ་དག་	OTHER
དོར་	དོར་	VERB
ཏེ་	སྟེ་	PART
མིང་	མིང་	NOUN
རུས་	རུས་	NOUN
ཡུལ་	ཡུལ་	NOUN
སོགས་	སོགས་	DET
གསལ་བ་	གསལ་བ་	VERB
ར་	ལ་	PART
སྨོས་པ་	སྨོས་པ་	VERB
འི་	གི་	PART
སྒོ་	སྒོ་	NOUN
ན་	ནས་	PART
བོད་	བོད་	PROPN
སྤྱི་ཡོངས་	སྤྱི་ཡོངས་	NO_POS
ལ་	ལ་	PART
གྲགས་པ་	གྲགས་པ་	VERB
འི་	གི་	PART
བརྡ་	བརྡ་	NOUN
གསར་རྙིང་	གསར་རྙིང་	OTHER
གིས་	གིས་	PART
གཞི་	གཞི་	NOUN
བཟུང་	བཟུང་	NO_POS
ན་	ནས་	PART
ཡིག་འབྲུ་	ཡིག་འབྲུ་	NOUN
རྣམས་	རྣམས་	DET
ནི་	ནི་	NO_POS
སུམ་ཅུ་པ་	སུམ་ཅུ་པ་	OTHER
དང་	དང་	NO_POS
རྟགས་	རྟགས་	NOUN
ཀྱི་	གི་	PART
འཇུག་པ་	འཇུག་པ་	VERB
མ་	མ་	PART
ནོར་བ་	ནོར་བ་	VERB
ར་	ལ་	PART
ཐོབ་པ་	ཐོབ་པ་	VERB
འི་	གི་	PART
ཚུལ་	ཚུལ་	NOUN
གྱིས་	གིས་	PART
བརྩམ་པ་	བརྩམ་པ་	VERB
ར་	ལ་	PART
བྱ་	བྱ་	VERB
འོ་	གོ་	PART
"།
།"		PUNCT
གསུམ་པ་	གསུམ་པ་	NUM
བསྟན་བཅོས་	བསྟན་བཅོས་	NOUN
བརྩམས་པ་	བརྩམས་པ་	VERB
འི་	གི་	PART
ཕན་ཡོན་	ཕན་ཡོན་	NOUN
ནི་	ནི་	NO_POS
།		PUNCT
ཚེ་	ཚེ་	NOUN
འདི་	འདི་	DET
ར་	ལ་	PART
བསྟན་པ་	བསྟན་པ་	VERB
ལ་	ལ་	PART
བྱ་བ་	བྱ་བ་	VERB
བྱས་པ་	བྱས་པ་	VERB
འི་	གི་	PART
སྒོ་	སྒོ་	NOUN
ན་	ནས་	PART
མཁས་པ་	མཁས་པ་	VERB
རྣམས་	རྣམས་	DET
མགུ་	མགུ་	VERB
ཞིང་	ཅིང་	PART
རྗེས་སུ་	རྗེས་སུ་	OTHER
བཟུང་བ་	བཟུང་བ་	VERB
དང་	དང་	NO_POS
།		PUNCT
ཡ་རབས་	ཡ་རབས་	NOUN
རྣམས་	རྣམས་	DET
དང་	དང་	NO_POS
འཕྲད་	འཕྲད་	VERB
ན་	ལ་	PART
སྐྱེ་	སྐྱེ་	VERB
ཀྱི་	གི་	PART
མཆོག་	མཆོག་	ADJ
མཉེས་པ་	མཉེས་པ་	VERB
འི་	གི་	PART
མཆོད་པ་	མཆོད་པ་	VERB
ར་	ལ་	PART
འགྱུར་བ་	འགྱུར་བ་	VERB
དང་	དང་	NO_POS
།		PUNCT
གཞན་	གཞན་	DET
ཡང་	ཀྱང་	PART
།		PUNCT
སློབ་དཔོན་	སློབ་དཔོན་	NOUN
དཎྜིའི་		NON_WORD
གཞུང་ལས་	གཞུང་ལས་	NO_POS
།		PUNCT
སྔོན་	སྔོན་	ADV
གྱི་	གི་	PART
རྒྱལ་པོ་	རྒྱལ་པོ་	NOUN
གྲགས་པ་	གྲགས་པ་	VERB
འི་	གི་	PART
གཟུགས་	གཟུགས་	NOUN
"།
།"		PUNCT
ངག་	ངག་	NOUN
གི་	གི་	PART
རང་བཞིན་	རང་བཞིན་	NOUN
མེ་ལོང་	མེ་ལོང་	NOUN
ཐོབ་	ཐོབ་	VERB
། །		PUNCT
དེ་	སྟེ་	PART
ནི་	ནི་	NO_POS
དེ་དག་	དེ་དག་	OTHER
མི་	མི་	PART
གནས་	གནས་	NOUN
ཀྱང་	ཀྱང་	PART
། །		PUNCT
རང་ཉིད་	རང་ཉིད་	OTHER
ཉམས་པ་	ཉམས་པ་	VERB
མེད་	མེད་	VERB
ལ་	ལ་	PART
ལྟོ་	ལྟོ་	VERB
། །		PUNCT
ཞེ་	ཅེས་	PART
གསུངས་པ་	གསུངས་པ་	VERB
ལྟ་	ལྟ་	OTHER
ཚེ་	ཚེ་	NOUN
འདི་	འདི་	DET
འི་	གི་	PART
འདུ་བྱེད་	འདུ་བྱེད་	NOUN
བཏང་བ་	བཏང་བ་	VERB
འི་	གི་	PART
འོག་	འོག་	NOUN
ཏུའང་		NON_WORD
བསྔགས་པ་	བསྔགས་པ་	VERB
ར་	ལ་	PART
འོས་པ་	འོས་པ་	VERB
འི་	གི་	PART
ཡོན་ཏན་	ཡོན་ཏན་	NOUN
དང་	དང་	NO_POS
བཀའ་དྲིན་	བཀའ་དྲིན་	NOUN
གྱི་	གི་	PART
མིང་ཙམ་	མིང་ཙམ་	NO_POS
ལྷག་མ་	ལྷག་མ་	NOUN
ར་	ལ་	PART
ལུས་པ་	ལུས་པ་	VERB
འི་	གི་	PART
ཕྱི་	ཕྱི་	OTHER
ཀུན་	ཀུན་	DET
གྱིས་	གིས་	PART
ཐོ་	ཐོ་	VERB
སྒྲོགས་	སྒྲོགས་	VERB
སུ་	ལ་	PART
གླེང་བ་	གླེང་བ་	VERB
འི་	གི་	PART
མཐའ་མི་	མཐའ་མི་	NO_POS
མངོན་པ་	མངོན་པ་	VERB
འི་	གི་	PART
ངོ་	ངོ་	NOUN
ན་	ནས་	PART
མཁའ་	མཁའ་	VERB
མིང་	མིང་	NOUN
གི་	གི་	PART
གྲགས་པ་	གྲགས་པ་	VERB
མི་	མི་	PART
ནུབ་པ་	ནུབ་པ་	VERB
ར་	ལ་	PART
འགྱུར་བ་	འགྱུར་བ་	VERB
དང་	དང་	NO_POS
།		PUNCT
ཁྱད་པར་	ཁྱད་པར་	NOUN
དུ་	ལ་	PART
མདོ་	མདོ་	NOUN
ལ་	ལ་	ADP
ས་	གིས་	PART
།		PUNCT
དམ་ཆོས་	དམ་ཆོས་	NOUN
འཛིན་པ་	འཛིན་པ་	VERB
འི་	གི་	PART
བསོད་ནམས་	བསོད་ནམས་	NOUN
ནི་	ནི་	NO_POS
། །		PUNCT
སངས་རྒྱས་	སངས་རྒྱས་	NOUN
ཀུན་	ཀུན་	DET
གྱིས་	གིས་	PART
ནན་ཏན་	ནན་ཏན་	NOUN
དུ་	ལ་	PART
"།
།"		PUNCT
བསྐལ་པ་	བསྐལ་པ་	NOUN
བྱེ་	བྱེ་	NOUN
བ་	བ་	NOUN
རྗོད་	རྗོད་	VERB
མཛད་	མཛད་	VERB
ཀྱང་	ཀྱང་	PART
། །		PUNCT
ཐ་མ་	ཐ་མ་	ADJ
ར་	ལ་	PART
ཕྱིན་པ་	ཕྱིན་པ་	VERB
ར་	ལ་	PART
གྱུར་	གྱུར་	VERB
མ་	མ་	PART
ལགས་	ལགས་	AUX
། །		PUNCT
ཞེ་	ཅེས་	PART
གསུངས་པ་	གསུངས་པ་	VERB
ལྟ་	ལྟ་	OTHER
དམ་ཆོས་	དམ་ཆོས་	NOUN
འཛིན་པ་	འཛིན་པ་	VERB
འི་	གི་	PART
བསོད་ནམས་	བསོད་ནམས་	NOUN
ཚད་	ཚད་	NOUN
མེད་པ་	མེད་པ་	VERB
ཐོབ་པ་	ཐོབ་པ་	VERB
འི་	གི་	PART
སྟོབས་	སྟོབས་	NOUN
ཀྱིས་	གིས་	PART
མ་འོངས་པ་	མ་འོངས་པ་	OTHER
ན་	ན་	ADP
འང་	ཀྱང་	PART
བཅུ་ཕྲག་	བཅུ་ཕྲག་	NO_POS
དྲུག་	དྲུག་	NUM
གིས་	གིས་	PART
རི་མོ་	རི་མོ་	NOUN
ས་	གིས་	PART
མཚན་པ་	མཚན་པ་	VERB
འི་	གི་	PART
ཕྱག་རྒྱ་	ཕྱག་རྒྱ་	NOUN
ས་	གིས་	PART
མངོན་པ་	མངོན་པ་	OTHER
བཀྲ་བ་	བཀྲ་བ་	VERB
འི་	གི་	PART
བཀའ་ཁྲིམས་	བཀའ་ཁྲིམས་	NOUN
དྲི་མ་	དྲི་མ་	NOUN
མེད་པ་	མེད་པ་	VERB
ས་	གིས་	PART
སྐལ་ལྡན་	སྐལ་ལྡན་	ADJ
ཡོངས་	ཡོངས་	DET
ཀྱི་	གི་	PART
སྲིད་	སྲིད་	NOUN
ལ་	ལ་	PART
དབང་	དབང་	NOUN
བསྒྱུར་	བསྒྱུར་	VERB
ཅིང་	ཅིང་	PART
མི་	མི་	PART
འཇིགས་	འཇིགས་	VERB
སེང་གེ་	སེང་གེ་	NOUN
བཞི་	བཞི་	NUM
ས་	གིས་	PART
བཏེག་པ་	བཏེག་པ་	VERB
འི་	གི་	PART
ཁྲི་འཕང་	ཁྲི་འཕང་	NO_POS
མཐོན་པོ་	མཐོན་པོ་	ADJ
ར་	ལ་	PART
སྟོབས་	སྟོབས་	NOUN
བཅུ་	བཅུ་	NUM
འི་	གི་	PART
རྩལ་	རྩལ་	NOUN
ཡོངས་སུ་	ཡོངས་སུ་	NO_POS
རྫོགས་པ་	རྫོགས་པ་	VERB
འི་	གི་	PART
ཆོ་	ཆོ་	NOUN
ཀྱི་	གི་	PART
རྒྱལ་པོ་	རྒྱལ་པོ་	NOUN
ར་	ལ་	PART
འགྱུར་བ་	འགྱུར་བ་	VERB
ཡིན་	ཡིན་	NO_POS
ནོ་	གོ་	PART
"།
།"		PUNCT
